0	0e0d68426.tiff
206	a879c995d.jpg	5013ab2a2.mp4
628	ae19fac2c.wav	c11980744.wav	053a6bf87.mp4	faeb2897d.mkv	27f221b4f.mp3	76f961c3d.mkv	e30ef7dde.mp3
655	222c8a07b.mp4
801	4252f7e8d.wav	b48ce24d5.tiff	fc59e04d0.jpg	3ea4c2557.mp4	41f50e538.tiff	598ad891a.mp3
1068	84f94ade4.tiff	5aae98537.wav	4d4a0cfcb.wav	1ae3feaee.jpg	5ea42f344.mp3
1139
1502	a1312ab94.mp4	2b636b160.wav	9ef6a9f88.wav	64a356dba.mp3	6372c9b2b.mp4	c8ecfabfa.tiff	6215d3933.jpg	13411fad9.mkv	c6ba2a847.gif
1626
1730	2c05ea203.mp3
1815
2649	819b310a4.mkv	1211ce152.wav	3b2f5659c.mp3	689ab4271.mp3	a9e76e44f.mp4	e5752b06a.mp3	7e85ef327.wav	4519ead0d.mkv	3eb7641a6.mp3	eb1669c72.gif	bf52a98be.jpg	966be598d.gif	a6d2537b3.tiff	51ad1e049.mp3	0e72e41b3.mp4	1a8c1fd97.mp3
2858	049c028c0.mp4	3447c156c.mkv	ca00e3dc5.mp3
2881	b4ea1edb1.tiff
3304	3507cbf75.wav	6611318b4.tiff	59e6d7a1e.mp3
3998	c10d80bfc.mp4	dfd436a67.tiff	9d4d0b914.mp3	859a42ce7.mp3	0ef0956af.mkv	fe506bf72.wav	ebf805d5e.mp3	935db12d9.wav
4018	d82f68b6d.tiff
